{
  "alert_id": 1,
  "timestamp": "2026-01-22T19:35:23.787386",
  "alert_type": "YAWNING",
  "driver": "Driver_1",
  "confidence": 0.9903191035354615,
  "metrics": {
    "ear": 0.8802222193662803,
    "mar": 0.6560084667347073,
    "perclos": 0.0,
    "distance_ratio": 1.0,
    "face_quality": 0.8524524480192053
  },
  "frame_count": 279,
  "duration": 0.0
}