{
  "class_indices": {
    "Drowsy": 0,
    "Non_Drowsy": 1,
    "Yawning": 2
  },
  "classes": [
    "Drowsy",
    "Non_Drowsy",
    "Yawning"
  ],
  "training_date": "2026-01-22T21:07:53.360539",
  "dataset_info": {
    "Drowsy": 500,
    "Non_Drowsy": 500,
    "Yawning": 500
  },
  "performance": {
    "val_accuracy": 0.9599999785423279,
    "val_precision": 0.9599999785423279,
    "val_recall": 0.9599999785423279,
    "val_auc": 0.9930814504623413,
    "val_loss": 0.13190142810344696
  },
  "drowsy_performance": {
    "precision": 0.9024390243902439,
    "recall": 0.9866666666666667,
    "f1_score": 0.9426751592356688
  }
}